#CODE;ENGLISH;FRENCH;GERMAN;;SPANISH;;;;;;;;;x;
W_L_3050;http://en.wikipedia.org/wiki/Nizam_al-Mulk;http://fr.wikipedia.org/wiki/Nizam_al-Mulk;http://de.wikipedia.org/wiki/Niz%C4%81m_al-Mulk;;http://es.wikipedia.org/wiki/Nizam_al-Mulk;;;;;;;;;x
W_L_1230501;http://en.wikipedia.org/wiki/Ahmad_ibn_Nizam_al-Mulk;;;;;;;;;;;;;x
W_L_93050;http://en.wikipedia.org/wiki/Sultan_Shah_of_Khwarezm;;;;;;;;;;;;;x
W_L_93410;http://en.wikipedia.org/wiki/S%C3%B6kmen_el-Kutb%C3%AE;;;;;;;;;;;;;x
W_L_1230168;http://en.wikipedia.org/wiki/Mu%27ayyid_al-Din_Ai-Aba;;;;;;;;;;;;;x
W_L_1230169;http://en.wikipedia.org/wiki/Toghan-Shah;;;;;;;;;;;;;x
W_L_1230170;http://en.wikipedia.org/wiki/Sanjar-Shah;;;;;;;;;;;;;x
W_L_3036;http://en.wikipedia.org/wiki/Chaghri_Beg;;http://de.wikipedia.org/wiki/Chagri_Beg;;;;;;;;;;;x
W_L_3041;http://en.wikipedia.org/wiki/Qavurt;;http://de.wikipedia.org/wiki/Qawurd;;;;;;;;;;;x
W_L_6811;http://en.wikipedia.org/wiki/Askold;;http://de.wikipedia.org/wiki/Askold_(War%C3%A4ger-F%C3%BCrst);;;;;;;;;;;x
W_L_144051;http://en.wikipedia.org/wiki/Ildeniz;http://fr.wikipedia.org/wiki/Eldiguz;;;;;;;;;;;;x
W_L_144043;http://en.wikipedia.org/wiki/Mahmud_II_of_Great_Seljuq;http://fr.wikipedia.org/wiki/Mahmud_II_(Seldjoukide);http://de.wikipedia.org/wiki/Mahmud_II._(Iran);;;;;;;;;;;x
W_L_144049;http://en.wikipedia.org/wiki/Ghiyath_ad-Din_Mas%27ud;http://fr.wikipedia.org/wiki/Ghiyath_ad-Din_Mas%27ud;http://de.wikipedia.org/wiki/Mas%27ud_ibn_Muhammad;;;;;;;;;;;x
W_L_93126;http://en.wikipedia.org/wiki/Suleiman-Shah;;;;;;;;;;;;;x
W_L_144053;http://en.wikipedia.org/wiki/Malik-Shah_III;;;;;;;;;;;;;x
W_L_144054;http://en.wikipedia.org/wiki/Muhammad_II_ibn_Mahmud;;;;;;;;;;;;;x
W_L_144056;http://en.wikipedia.org/wiki/Toghrul_III;http://fr.wikipedia.org/wiki/Toghrul_III;;;;;;;;;;;;x
W_L_93258;http://en.wikipedia.org/wiki/Buraq_Hajib;;;;;;;;;;;;;x
W_L_93133;http://en.wikipedia.org/wiki/Muhammad_ibn_Suri;;;;;;;;;;;;;x
W_L_93134;http://en.wikipedia.org/wiki/Abu_Ali_ibn_Muhammad;;;;;;;;;;;;;x
W_L_93136;http://en.wikipedia.org/wiki/Abbas_ibn_Shith;;;;;;;;;;;;;x
W_L_93137;http://en.wikipedia.org/wiki/Muhammad_ibn_Abbas;;;;;;;;;;;;;x
W_L_93138;http://en.wikipedia.org/wiki/Qutb_al-din_Hasan;;;;;;;;;;;;;x
W_L_93139;http://en.wikipedia.org/wiki/Izz_al-Din_Husayn;;;;;;;;;;;;;x
W_L_93140;http://en.wikipedia.org/wiki/Sayf_al-Din_Suri;;;;;;;;;;;;;x
W_L_93141;http://en.wikipedia.org/wiki/Baha_al-Din_Sam_I;;;;;;;;;;;;;x
W_L_93143;http://en.wikipedia.org/wiki/Ala_al-Din_Husayn;;;;;;;;;;;;;x
W_L_1230334;http://en.wikipedia.org/wiki/Sayf_al-Din_Muhammad;;;;;;;;;;;;;x
W_L_144142;http://en.wikipedia.org/wiki/Muhammad_of_Ghor;;;;;;;;;;;;;x
W_L_144143;http://en.wikipedia.org/wiki/Ghiyath_al-Din_Mahmud;;;;;;;;;;;;;x
W_L_93144;http://en.wikipedia.org/wiki/Baha_al-Din_Sam_III;;;;;;;;;;;;;x
W_L_93145;http://en.wikipedia.org/wiki/Ala_al-Din_Atsiz;;;;;;;;;;;;;x
W_L_1230332;http://en.wikipedia.org/wiki/Ala_al-Din_Ali;;;;;;;;;;;;;x
W_L_1230171;http://en.wikipedia.org/wiki/Ikhtiyar_al-Din_Ai-Taq;;;;;;;;;;;;;x
W_L_1233223;http://en.wikipedia.org/wiki/Terken_Khatun_(wife_of_Ala_ad-Din_Tekish);;;;;;;;;;;;;x
W_L_1229906;http://en.wikipedia.org/wiki/Terken_Khatun_(wife_of_Malik-Shah_I);;;;;;;;;;;;;x
W_L_1233224;http://en.wikipedia.org/wiki/Inalchuq;;;;;;;;;;;;;x
W_L_3014;http://en.wikipedia.org/wiki/B%C3%B6ritigin;;;;;;;;;;;;;x
W_L_170300;http://en.wikipedia.org/wiki/Nasir_ad-Din_Qabacha;;;;;;;;;;;;;x
W_L_170302;http://en.wikipedia.org/wiki/Taj_al-Din_Yildiz;;;;;;;;;;;;;x
W_L_144225;http://en.wikipedia.org/wiki/Hassan-i_Sabbah;http://fr.wikipedia.org/wiki/Hassan_ibn_al-Sabbah;http://de.wikipedia.org/wiki/Hasan-i_Sabb%C4%81h;;http://es.wikipedia.org/wiki/Hasan-i_Sabbah;;;;;;;;;x
W_L_144226;http://en.wikipedia.org/wiki/Kiya_Buzurg_Ummid;http://fr.wikipedia.org/wiki/Kiya_Buzurg-Umm%C3%AEd;;;;;;;;;;;;x
W_L_144227;http://en.wikipedia.org/wiki/Muhammad_Buzurg_Ummid;;;;;;;;;;;;;x
W_L_227012;http://en.wikipedia.org/wiki/Rashid_ad-Din_Sinan;http://fr.wikipedia.org/wiki/Rachid_ad-Din_Sinan;http://de.wikipedia.org/wiki/Raschid_ad-Din_Sinan;;http://es.wikipedia.org/wiki/Rashid_ad-Din_Sinan;;;;;;;;;x
W_L_1231089;http://en.wikipedia.org/wiki/Hassan_II_(Imam);http://fr.wikipedia.org/wiki/Hassan_II_(imam);;;;;;;;;;;;x
W_L_144228;http://en.wikipedia.org/wiki/Nur_al-Din_Muhammad_II;;;;;;;;;;;;;x
W_L_144229;http://en.wikipedia.org/wiki/Jalaluddin_Hasan;;;;;;;;;;;;;x
W_L_144230;http://en.wikipedia.org/wiki/%E2%80%98Al%C4%81%E2%80%99_ad-D%C4%ABn_Mu%E1%B8%A5ammad_III;;;;;;;;;;;;;x
W_L_144231;http://en.wikipedia.org/wiki/Rukn_al-Din_Khurshah;http://fr.wikipedia.org/wiki/Rukn_ad-D%C3%AEn_Khursh%C3%A2h;;;;;;;;;;;;x
W_L_41703;http://en.wikipedia.org/wiki/Omar_Khayyam;http://fr.wikipedia.org/wiki/Omar_Khayyam;http://de.wikipedia.org/wiki/%CA%BFOmar_Chayy%C4%81m;;http://es.wikipedia.org/wiki/Omar_Jayam;;;;;;;;;x
W_L_125504;http://en.wikipedia.org/wiki/Berke;http://fr.wikipedia.org/wiki/Berk%C3%A9;http://de.wikipedia.org/wiki/Berke_Khan;;;;;;;;;;;x
W_L_125505;http://en.wikipedia.org/wiki/Sartaq_Khan;http://fr.wikipedia.org/wiki/Sartaq;http://de.wikipedia.org/wiki/Sartaq_Khan;;;;;;;;;;;x
W_L_125506;http://en.wikipedia.org/wiki/Ulaghchi;http://fr.wikipedia.org/wiki/Ulaqtchi;http://de.wikipedia.org/wiki/Ulaqchi_Khan;;;;;;;;;;;x
W_L_125508;http://en.wikipedia.org/wiki/Mengu-Timur;http://fr.wikipedia.org/wiki/Meng%C3%BC_Tem%C3%BCr;http://de.wikipedia.org/wiki/M%C3%B6ngke_Timur;;;;;;;;;;;x
W_L_125509;http://en.wikipedia.org/wiki/Tode_Mongke;http://fr.wikipedia.org/wiki/Tuda_Mangu;;;;;;;;;;;;x
W_L_125511;http://en.wikipedia.org/wiki/Talabuga;http://fr.wikipedia.org/wiki/Tula_Buqa;http://de.wikipedia.org/wiki/Tulabugha;;;;;;;;;;;x
W_L_125512;http://en.wikipedia.org/wiki/Toqta;http://fr.wikipedia.org/wiki/Toqta%C3%AF;http://de.wikipedia.org/wiki/Tohtu;;http://es.wikipedia.org/wiki/Toqta;;;;;;;;;x
W_L_480000;http://en.wikipedia.org/wiki/%C3%96z_Beg_Khan;http://fr.wikipedia.org/wiki/%C3%96zbeg;http://de.wikipedia.org/wiki/Usbek_Khan;;http://es.wikipedia.org/wiki/Uzbeg_Kan;;;;;;;;;x
W_L_125514;http://en.wikipedia.org/wiki/Tini_Beg;http://fr.wikipedia.org/wiki/Tinibeg;;;;;;;;;;;;x
W_L_125515;http://en.wikipedia.org/wiki/Jani_Beg;http://fr.wikipedia.org/wiki/Djanibeg;http://de.wikipedia.org/wiki/Dschani_Beg;;;;;;;;;;;x
W_L_125518;http://en.wikipedia.org/wiki/Nogai_Khan;http://fr.wikipedia.org/wiki/Noga%C3%AF;http://de.wikipedia.org/wiki/Nogai_Khan;;http://es.wikipedia.org/wiki/Nogai_Kan;;;;;;;;;x
W_L_125519;http://en.wikipedia.org/wiki/Chaka_of_Bulgaria;http://fr.wikipedia.org/wiki/Tzaka;http://de.wikipedia.org/wiki/Tschaka_Nogai;;http://es.wikipedia.org/wiki/Chaka_de_Bulgaria;;;;;;;;;x
W_L_478010;http://en.wikipedia.org/wiki/Abaqa_Khan;http://fr.wikipedia.org/wiki/Abaqa;http://de.wikipedia.org/wiki/Abaqa;;http://es.wikipedia.org/wiki/Abaqa_Kan;;;;;;;;;x
W_L_478011;http://en.wikipedia.org/wiki/Hulagu_Khan;http://fr.wikipedia.org/wiki/Houlagou_Khan;http://de.wikipedia.org/wiki/H%C3%BCleg%C3%BC;;http://es.wikipedia.org/wiki/Hulagu;;;;;;;;;x
W_L_125522;http://en.wikipedia.org/wiki/Baydu;http://fr.wikipedia.org/wiki/Ba%C3%AFdou;http://de.wikipedia.org/wiki/Baidu_(Ilchan);;http://es.wikipedia.org/wiki/Baydu;;;;;;;;;x
W_L_125523;http://en.wikipedia.org/wiki/Tekuder;http://fr.wikipedia.org/wiki/Ahmad_Tek%C3%BCder;http://de.wikipedia.org/wiki/Tekuder;;http://es.wikipedia.org/wiki/Tekuder;;;;;;;;;x
W_L_478808;http://en.wikipedia.org/wiki/Arghun;http://fr.wikipedia.org/wiki/Arghoun;http://de.wikipedia.org/wiki/Arghun;;http://es.wikipedia.org/wiki/Arghun;;;;;;;;;x
W_L_125524;http://en.wikipedia.org/wiki/Ghazan;http://fr.wikipedia.org/wiki/Mahmud_Ghazan_Khan;http://de.wikipedia.org/wiki/Ghazan_Ilchan;;http://es.wikipedia.org/wiki/Ghazan;;;;;;;;;x
W_L_125525;http://en.wikipedia.org/wiki/Gaykhatu;http://fr.wikipedia.org/wiki/Ghaykhatou;http://de.wikipedia.org/wiki/Gaichatu;;http://es.wikipedia.org/wiki/Gaikhatu;;;;;;;;;x
W_L_125526;http://en.wikipedia.org/wiki/Ariq_B%C3%B6ke;http://fr.wikipedia.org/wiki/Ariq_Boqa;http://de.wikipedia.org/wiki/Arigkbugha_Khan;;;;;;;;;;;x
W_L_125528;http://en.wikipedia.org/wiki/Arpa_Ke%27un;http://fr.wikipedia.org/wiki/Arpa_Ka%27on;http://de.wikipedia.org/wiki/Arpa_Ke%27un;;;;;;;;;;;x
W_L_166853;http://en.wikipedia.org/wiki/Belgutei;;;;;;;;;;;;;x
W_L_166855;http://en.wikipedia.org/wiki/Tem%C3%BCge;;;;;;;;;;;;;x
W_L_166854;http://en.wikipedia.org/wiki/Hachiun;;;;;;;;;;;;;x
W_L_478000;http://en.wikipedia.org/wiki/Musa_(Ilkhanid_dynasty);;;;;;;;;;;;;x
W_L_478001;http://en.wikipedia.org/wiki/Timurtash;http://fr.wikipedia.org/wiki/Timurta%C5%9F_Noyan;;;;;;;;;;;;x
W_L_478002;http://en.wikipedia.org/wiki/Chupan;http://fr.wikipedia.org/wiki/Chupan;http://de.wikipedia.org/wiki/Amir_Tschupan;;;;;;;;;;;x
W_L_478003;http://en.wikipedia.org/wiki/Demasq_Kaja;;;;;;;;;;;;;x
W_L_478004;http://en.wikipedia.org/wiki/Shaikh_Mahmoud;;;;;;;;;;;;;x
W_L_478005;http://en.wikipedia.org/wiki/Hassan_(Chupanids);;;;;;;;;;;;;x
W_L_478006;http://en.wikipedia.org/wiki/Abu_Sa%27id_Bahadur_Khan;http://fr.wikipedia.org/wiki/Abu_Sa%C3%AFd_Bahadur;http://de.wikipedia.org/wiki/Abu_Sa%27id_(Ilchane);;http://es.wikipedia.org/wiki/Abu_Sa%C3%ADd_Bahador_Jan;;;;;;;;;x
W_L_478007;http://en.wikipedia.org/wiki/%C3%96ljait%C3%BC;http://fr.wikipedia.org/wiki/Oldja%C3%AFtou;http://de.wikipedia.org/wiki/%C3%96ldscheit%C3%BC;;http://es.wikipedia.org/wiki/%C3%96ljeit%C3%BC;;;;;;;;;x
W_L_478033;http://en.wikipedia.org/wiki/Hasan_Kuchak;http://fr.wikipedia.org/wiki/Hasan_K%C3%BBtchek;;;;;;;;;;;;x
W_L_478034;http://en.wikipedia.org/wiki/Malek_Ashraf;http://fr.wikipedia.org/wiki/Malek_Achraf;;;;;;;;;;;;x
W_L_93060;http://en.wikipedia.org/wiki/Togha_Tem%C3%BCr;http://fr.wikipedia.org/wiki/Togha_Tem%C3%BCr;;;;;;;;;;;;x
W_L_45108;http://en.wikipedia.org/wiki/Hasan_ibn_Zayd;http://fr.wikipedia.org/wiki/Al_Hasan_Ibn_Zayd_Al_%27Alaw%C3%AE;;;;;;;;;;;;x
W_L_163166;http://en.wikipedia.org/wiki/Muhammad_ibn_Zayd;;;;;;;;;;;;;x
W_L_144123;http://en.wikipedia.org/wiki/Sabuktigin;http://fr.wikipedia.org/wiki/Subuktig%C3%AEn;http://de.wikipedia.org/wiki/Seb%C3%BCk_Tigin;;http://es.wikipedia.org/wiki/Sebuk_Tigin_de_Gazni;;;;;;;;;x
W_L_144124;http://en.wikipedia.org/wiki/Ismail_of_Ghazni;;;;;;;;;;;;;x
W_L_144125;http://en.wikipedia.org/wiki/Mahmud_of_Ghazni;http://fr.wikipedia.org/wiki/Mahmoud_de_Ghazn%C3%AE;http://de.wikipedia.org/wiki/Mahmud_von_Ghazni;;http://es.wikipedia.org/wiki/Mahmud_de_Gazni;;;;;;;;;x
W_L_144126;http://en.wikipedia.org/wiki/Muhammad_of_Ghazni;;;;;;;;;;;;;x
W_L_144127;http://en.wikipedia.org/wiki/Mas%27ud_I_of_Ghazni;http://fr.wikipedia.org/wiki/Mas%C3%BBd_de_Ghazn%C3%AE;http://de.wikipedia.org/wiki/Masud_I._von_Ghazni;;;;;;;;;;;x
W_L_144128;http://en.wikipedia.org/wiki/Mawdud_of_Ghazni;;;;;;;;;;;;;x
W_L_144132;http://en.wikipedia.org/wiki/Farrukh-Zad_of_Ghazna;;;;;;;;;;;;;x
W_L_144133;http://en.wikipedia.org/wiki/Ibrahim_of_Ghazna;;;;;;;;;;;;;x
W_L_144136;http://en.wikipedia.org/wiki/Arslan-Shah_of_Ghazna;;;;;;;;;;;;;x
W_L_144137;http://en.wikipedia.org/wiki/Bahram-Shah_of_Ghazna;;;;;;;;;;;;;x
W_L_144139;http://en.wikipedia.org/wiki/Khusrau_Malik;;;;;;;;;;;;;x
W_L_1232155;http://en.wikipedia.org/wiki/Katakalon_Kekaumenos;;;;;;;;;;;;;x
W_L_232507;http://en.wikipedia.org/wiki/John_Axouch;;;;;;;;;;;;;x
W_L_1781;http://en.wikipedia.org/wiki/John_Doukas_(megas_doux);;;;;;;;;;;;;x
W_L_1232152;http://en.wikipedia.org/wiki/Michael_Maurex;;;;;;;;;;;;;x
W_L_1232126;http://en.wikipedia.org/wiki/Andrew_the_Scythian;;;;;;;;;;;;;x
W_L_1232127;http://en.wikipedia.org/wiki/Christopher_(Domestic_of_the_Schools);;;;;;;;;;;;;x
W_L_1232100;http://en.wikipedia.org/wiki/Karbeas;;;;;;;;;;;;;x
W_L_1232103;http://en.wikipedia.org/wiki/Chrysocheir;;;;;;;;;;;;;x
W_L_1232110;http://en.wikipedia.org/wiki/Gregoras_Iberitzes;;;;;;;;;;;;;x
W_L_1232112;http://en.wikipedia.org/wiki/Stylianos_Zaoutzes;;;;;;;;;;;;;x
W_L_1232114;http://en.wikipedia.org/wiki/Zoe_Zaoutzaina;;;;;;;;;;;;;x
W_L_1232119;http://en.wikipedia.org/wiki/Leo_Apostyppes;;;;;;;;;;;;;x
W_L_1232123;http://en.wikipedia.org/wiki/Nasar;;;;;;;;;;;;;x
W_L_1232129;http://en.wikipedia.org/wiki/Kesta_Styppiotes;;;;;;;;;;;;;x
W_L_1232149;http://en.wikipedia.org/wiki/Basil_Apokapes;;;;;;;;;;;;;x
W_L_1232161;http://en.wikipedia.org/wiki/Nikoulitzas_Delphinas;;;;;;;;;;;;;x
W_L_1232289;http://en.wikipedia.org/wiki/Constantine_Arianites;;;;;;;;;;;;;x
W_L_724;http://en.wikipedia.org/wiki/Alusian_of_Bulgaria;;;;;;;;;;;;;x
W_L_20486;http://en.wikipedia.org/wiki/Aaronios;;;;;;;;;;;;;x
W_L_1232157;http://en.wikipedia.org/wiki/Manuel_Boutoumites;;;;;;;;;;;;;x
W_L_85000;http://en.wikipedia.org/wiki/Tatikios;;;;;;;;;;;;;x
W_L_34343;http://en.wikipedia.org/wiki/Constantine_Euphorbenos_Katakalon;;;;;;;;;;;;;x
W_L_1232196;http://en.wikipedia.org/wiki/Constantine_Opos_(megas_doux);;;;;;;;;;;;;x
W_L_34348;http://en.wikipedia.org/wiki/Eumathios_Philokales;;;;;;;;;;;;;x
W_L_231057;http://en.wikipedia.org/wiki/John_Rogerios_Dalassenos;;;;;;;;;;;;;x
W_L_1227400;http://en.wikipedia.org/wiki/Robert_Crispin;;;;;;;;;;;;;x
W_L_1227439;http://en.wikipedia.org/wiki/Herv%C3%A9_Frankopoulos;;;;;;;;;;;;;x
W_L_34220;http://en.wikipedia.org/wiki/Roussel_de_Bailleul;;;;;;;;;;;;;x
W_L_1167124;http://en.wikipedia.org/wiki/Melus_of_Bari;;;;;;;;;;;;;x
W_L_1167125;http://en.wikipedia.org/wiki/Argyrus_(catepan_of_Italy);;;;;;;;;;;;;x
W_L_1232307;http://en.wikipedia.org/wiki/Nikephoros_Lykaon;;;;;;;;;;;;;x
W_L_34464;http://en.wikipedia.org/wiki/Nikephoros_Karantenos;;;;;;;;;;;;;x
W_L_1232256;http://en.wikipedia.org/wiki/John_Petraliphas;;;;;;;;;;;;;x
W_L_1232565;http://en.wikipedia.org/wiki/Badr_al-Jamali;;;;;;;;;;;;;x
W_L_1232566;http://en.wikipedia.org/wiki/Al-Afdal_Shahanshah;;;;;;;;;;;;;x
W_L_32912;http://en.wikipedia.org/wiki/Shirkuh;;;;;;;;;;;;;x
W_L_1234911;http://en.wikipedia.org/wiki/Mu%27in_ad-Din_Unur;http://fr.wikipedia.org/wiki/Mu%27in_ad-Din_Unur;;;;;;;;;;;;x
W_L_1234912;http://en.wikipedia.org/wiki/Ismat_ad-Din_Khatun;;;;;;;;;;;;;x
W_L_1231616;http://en.wikipedia.org/wiki/Mahmud_al-Kashgari;http://fr.wikipedia.org/wiki/Mahmoud_de_Kachgar;http://de.wikipedia.org/wiki/Mahmud_al-K%C4%81schghar%C4%AB;;;;;;;;;;;x
W_L_1230216;http://en.wikipedia.org/wiki/Toghrul_of_Ghazna;;;;;;;;;;;;;x
W_L_1228873;http://en.wikipedia.org/wiki/Abdallah_ibn_Yasin;http://fr.wikipedia.org/wiki/Abdullah_Ibn_Yassin;http://de.wikipedia.org/wiki/Ibn_Yasin;;http://es.wikipedia.org/wiki/Abdal%C3%A1_Ben_Yasin;;;;;;;;;x
W_L_1229942;http://en.wikipedia.org/wiki/Al-Basasiri;;http://de.wikipedia.org/wiki/Al-Basasiri;;;;;;;;;;;x
W_L_3079;http://en.wikipedia.org/wiki/Aq_Sunqur_al-Hajib;http://fr.wikipedia.org/wiki/Aq_Sunqur_al-Hajib;http://de.wikipedia.org/wiki/Aq_Sunqur_al-Hadschib;;;;;;;;;;;x
W_L_163100;http://en.wikipedia.org/wiki/Muhammad_ibn_Tahir;;;;;;;;;;;;;x
W_L_163157;http://en.wikipedia.org/wiki/Isma%27il_ibn_Ahmad;http://fr.wikipedia.org/wiki/Isma%C3%AFl_Ier_(Samanides);;;;;;;;;;;;x
W_L_163159;http://en.wikipedia.org/wiki/Tahir_ibn_Abdallah;;;;;;;;;;;;;x
W_L_163160;http://en.wikipedia.org/wiki/Ubaydallah_ibn_Abdallah_ibn_Tahir;;;;;;;;;;;;;x
W_L_163161;http://en.wikipedia.org/wiki/Sulayman_ibn_Abdallah_ibn_Tahir;;;;;;;;;;;;;x
W_L_163162;http://en.wikipedia.org/wiki/Muhammad_ibn_Abdallah_ibn_Tahir;;;;;;;;;;;;;x
W_L_163164;http://en.wikipedia.org/wiki/Amr_ibn_al-Layth;http://fr.wikipedia.org/wiki/Amr_Ier_(Saffarides);;;;;;;;;;;;x
W_L_1231062;http://en.wikipedia.org/wiki/Imad_al-Dawla;http://fr.wikipedia.org/wiki/Imad_ad-Dawla_Ali;;;;;;;;;;;;x
W_L_1231063;http://en.wikipedia.org/wiki/Rukn_al-Dawla;http://fr.wikipedia.org/wiki/Rukn_ad-Dawla;;;;;;;;;;;;x
W_L_1231064;http://en.wikipedia.org/wiki/Mu%27izz_al-Dawla;http://fr.wikipedia.org/wiki/Muizz_ad-Dawla_Ahmad;;;;;;;;;;;;x
W_L_1231065;http://en.wikipedia.org/wiki/%27Adud_al-Dawla;http://fr.wikipedia.org/wiki/Adhud_ad-Dawla_Fanna_Khusraw;http://de.wikipedia.org/wiki/Adud_ad-Daula;;http://es.wikipedia.org/wiki/Adud_al-Dawla;;;;;;;;;x
W_L_1231070;http://en.wikipedia.org/wiki/Samsam_al-Dawla;http://fr.wikipedia.org/wiki/Samsam_ad-Dawla_Marzuban;;;;;;;;;;;;x
W_L_1231071;http://en.wikipedia.org/wiki/Sharaf_al-Dawla;http://fr.wikipedia.org/wiki/Charaf_ad-Dawla_Chirzil;;;;;;;;;;;;x
W_L_1231072;http://en.wikipedia.org/wiki/Baha%27_al-Dawla;http://fr.wikipedia.org/wiki/Baha%27_ad-Dawla_Firuz;;;;;;;;;;;;x
W_L_1231073;http://en.wikipedia.org/wiki/Sultan_al-Dawla;http://fr.wikipedia.org/wiki/Sultan_ad-Dawla;;;;;;;;;;;;x
W_L_1231074;http://en.wikipedia.org/wiki/Jalal_al-Dawla;http://fr.wikipedia.org/wiki/Jalal_ad-Dawla_Chirzil;;;;;;;;;;;;x
W_L_1231078;http://en.wikipedia.org/wiki/Abu_Kalijar;http://fr.wikipedia.org/wiki/Abu_Kalijar;;;;;;;;;;;;x
W_L_1231079;http://en.wikipedia.org/wiki/Al-Malik_al-Rahim;http://fr.wikipedia.org/wiki/Al-Malik_ar-Rahim_Khusraw_Firuz;;;;;;;;;;;;x
W_L_1231080;http://en.wikipedia.org/wiki/Abu_Mansur_Fulad_Sutun;;;;;;;;;;;;;x
W_L_1231083;http://en.wikipedia.org/wiki/Abu_Sa%27d_Khusrau_Shah;;;;;;;;;;;;;x
W_L_1231099;http://en.wikipedia.org/wiki/Abu_Ali_Fana-Khusrau;;;;;;;;;;;;;x
W_L_34017;http://en.wikipedia.org/wiki/Al-Muwaffaq;http://fr.wikipedia.org/wiki/Al-Muwaffaq;http://de.wikipedia.org/wiki/Al-Muwaffaq_(Abbaside);;;;;;;;;;;x
W_L_163131;http://en.wikipedia.org/wiki/Bugha_al-Kabir;http://fr.wikipedia.org/wiki/Bugha_al-Kabir;;;;;;;;;;;;x
W_L_163132;http://en.wikipedia.org/wiki/Musa_ibn_Bugha_al-Kabir;;;;;;;;;;;;;x
W_L_1230248;http://en.wikipedia.org/wiki/Bugha_al-Sharabi;;;;;;;;;;;;;x
W_L_1230768;http://en.wikipedia.org/wiki/Abi%27l-Saj_Devdad;;;;;;;;;;;;;x
W_L_1230590;http://en.wikipedia.org/wiki/Muhammad_ibn_Abi%27l-Saj;http://fr.wikipedia.org/wiki/Muhammad_Ibn_Abi%27l-Saj;;;;;;;;;;;;x
W_L_1230591;http://en.wikipedia.org/wiki/Yusuf_ibn_Abi%27l-Saj;http://fr.wikipedia.org/wiki/Yusuf_Ibn_Abi%27l-Saj;;;;;;;;;;;;x
W_L_1230364;http://en.wikipedia.org/wiki/Sahib_Husain_Mikali;;;;;;;;;;;;;x
W_L_1230365;http://en.wikipedia.org/wiki/Al-Kunduri;;;;;;;;;;;;;x
W_L_73812;http://en.wikipedia.org/wiki/Musa_ibn_Musa_ibn_Qasi;http://fr.wikipedia.org/wiki/Musa_ibn_Musa;;;;;;;;;;;;x
W_L_73815;http://en.wikipedia.org/wiki/Muhammad_ibn_Lubb;;;;;;;;;;;;;x
W_L_1234931;http://en.wikipedia.org/wiki/Wasif_al-Turki;;;;;;;;;;;;;x
W_L_1236289;http://en.wikipedia.org/wiki/Muhammad_ibn_Wasil;;;;;;;;;;;;;x
W_L_1234936;http://en.wikipedia.org/wiki/Al-Fath_ibn_Khaqan;;;;;;;;;;;;;x
W_L_1234937;http://en.wikipedia.org/wiki/Muzahim_ibn_Khaqan;;;;;;;;;;;;;x
W_L_1234938;http://en.wikipedia.org/wiki/Ahmad_ibn_Muzahim_ibn_Khaqan;;;;;;;;;;;;;x
W_L_1234939;http://en.wikipedia.org/wiki/Azjur_al-Turki;;;;;;;;;;;;;x
W_L_1235925;http://en.wikipedia.org/wiki/Abu'l-Hasan_Ahmad_ibn_Muhammad_ibn_Abdallah_ibn_al-Mudabbir;;;;;;;;;;;;;x
W_L_1235926;http://en.wikipedia.org/wiki/Ibrahim_ibn_al-Mudabbir;;;;;;;;;;;;;x
W_L_1230509;http://en.wikipedia.org/wiki/Muhammad_ibn_Ishaq_ibn_Ibrahim;;;;;;;;;;;;;x
W_L_1230528;http://en.wikipedia.org/wiki/Abdallah_ibn_Ishaq_ibn_Ibrahim;;;;;;;;;;;;;x
W_L_1230526;http://en.wikipedia.org/wiki/Ishaq_ibn_Ibrahim_al-Mus%27abi;;;;;;;;;;;;;x
W_L_1230666;http://en.wikipedia.org/wiki/%27Ali_ibn_al-Husayn_ibn_Quraysh;;;;;;;;;;;;;x
W_L_1234946;http://en.wikipedia.org/wiki/Abdallah_ibn_al-Mu%27tazz;http://fr.wikipedia.org/wiki/Abdullah_ibn_al-Mu%27tazz;;;;;;;;;;;;x
W_L_146076;http://en.wikipedia.org/wiki/Khalid_ibn_Yazid_al-Shaybani;;;;;;;;;;;;;x
W_L_146077;http://en.wikipedia.org/wiki/Muhammad_ibn_Khalid;;;;;;;;;;;;;x
W_L_159733;http://en.wikipedia.org/wiki/Khalid_ibn_Yazid_al-Shaybani;;;;;;;;;;;;;x
W_L_159732;http://en.wikipedia.org/wiki/Isa_ibn_al-Shaykh_al-Shaybani;;;;;;;;;;;;;x
W_L_194325;http://en.wikipedia.org/wiki/Abaoji;http://fr.wikipedia.org/wiki/Liao_Taizu;http://de.wikipedia.org/wiki/Liao_Taizu;;http://es.wikipedia.org/wiki/A_Bao_Ji;;;;;;;;;x
W_L_194326;http://en.wikipedia.org/wiki/Emperor_Taizong_of_Liao;http://fr.wikipedia.org/wiki/Liao_Taizong;;;;;;;;;;;;x
W_L_194328;http://en.wikipedia.org/wiki/Emperor_Shizong_of_Liao;http://fr.wikipedia.org/wiki/Liao_Shizong;;;;;;;;;;;;x
W_L_194329;http://en.wikipedia.org/wiki/Emperor_Muzong_of_Liao;http://fr.wikipedia.org/wiki/Liao_Muzong;;;;;;;;;;;;x
W_L_194330;http://en.wikipedia.org/wiki/Emperor_Jingzong_of_Liao;http://fr.wikipedia.org/wiki/Liao_Jingzong;;;;;;;;;;;;x
W_L_194331;http://en.wikipedia.org/wiki/Emperor_Shengzong_of_Liao;http://fr.wikipedia.org/wiki/Liao_Shengzong;;;;;;;;;;;;x
W_L_194332;http://en.wikipedia.org/wiki/Emperor_Xingzong_of_Liao;http://fr.wikipedia.org/wiki/Liao_Xingzong;;;;;;;;;;;;x
W_L_194333;http://en.wikipedia.org/wiki/Emperor_Daozong_of_Liao;http://fr.wikipedia.org/wiki/Liao_Daozong;;;;;;;;;;;;x
W_L_194334;http://en.wikipedia.org/wiki/Emperor_Tianzuo_of_Liao;http://fr.wikipedia.org/wiki/Liao_Tianzuo;;;;;;;;;;;;x
W_L_1231519;http://en.wikipedia.org/wiki/Empress_Shul%C3%BC_Ping;;;;;;;;;;;;;x
W_L_73685;http://en.wikipedia.org/wiki/Abdullah_ibn_Muhammad_al-Umawi;http://fr.wikipedia.org/wiki/Abd_Allah_ben_Muhammad;http://de.wikipedia.org/wiki/Abdallah_von_C%C3%B3rdoba;;http://es.wikipedia.org/wiki/Abd_Allah_I_de_C%C3%B3rdoba;;;;;;;;;x
W_L_3200;http://en.wikipedia.org/wiki/Abd-ar-Rahman_III;http://fr.wikipedia.org/wiki/Abd_al-Rahman_III;http://de.wikipedia.org/wiki/Abd_ar-Rahman_III.;;http://es.wikipedia.org/wiki/Abderram%C3%A1n_III;;;;;;;;;x
W_L_3202;http://en.wikipedia.org/wiki/Al-Hakam_II;http://fr.wikipedia.org/wiki/Al-Hakam_II;http://de.wikipedia.org/wiki/Al-Hakam_II.;;http://es.wikipedia.org/wiki/Alhak%C3%A9n_II;;;;;;;;;x
W_L_3204;http://en.wikipedia.org/wiki/Hisham_II;http://fr.wikipedia.org/wiki/Hicham_II;http://de.wikipedia.org/wiki/Hischam_II.;;http://es.wikipedia.org/wiki/Hisham_II;;;;;;;;;x
W_L_73671;http://en.wikipedia.org/wiki/Muhammad_II_of_C%C3%B3rdoba;http://fr.wikipedia.org/wiki/Muhammad_II_(Omeyyade);http://de.wikipedia.org/wiki/Muhammad_II._al-Mahdi;;http://es.wikipedia.org/wiki/Muh%C3%A1mmad_II_al-Mahdi;;;;;;;;;x
W_L_73675;http://en.wikipedia.org/wiki/Sulayman_ibn_al-Hakam;http://fr.wikipedia.org/wiki/Sulayman_ben_al-Hakam;http://de.wikipedia.org/wiki/Sulaiman_al-Mustain;;http://es.wikipedia.org/wiki/Sulaim%C3%A1n_al-Musta%C3%ADn;;;;;;;;;x
W_L_73678;http://en.wikipedia.org/wiki/Abd_ar-Rahman_IV;http://fr.wikipedia.org/wiki/Abd_al-Rahman_IV;http://de.wikipedia.org/wiki/Abd_ar-Rahman_IV.;;http://es.wikipedia.org/wiki/Abderram%C3%A1n_IV;;;;;;;;;x
W_L_73687;http://en.wikipedia.org/wiki/Ali_ibn_Hammud_al-Nasir;http://fr.wikipedia.org/wiki/Ali_ben_Hammud_al-Nasir;http://de.wikipedia.org/wiki/Ali_ibn_Hammud_an-Nasir;;http://es.wikipedia.org/wiki/Al%C3%AD_ben_Hamud_al-N%C3%A1sir;;;;;;;;;x
W_L_73689;http://en.wikipedia.org/wiki/Al-Qasim_al-Ma%27mun;http://fr.wikipedia.org/wiki/Al-Q%C3%A2s%C3%AEm_al-Ma%27m%C3%BBn;http://de.wikipedia.org/wiki/Al-Qasim_al-Ma%27mun;;http://es.wikipedia.org/wiki/Al-C%C3%A1sim_al-Mam%C3%BAn;;;;;;;;;x
W_L_73690;http://en.wikipedia.org/wiki/Yahya_ibn_Ali_ibn_Hammud_al-Mu%27tali;http://fr.wikipedia.org/wiki/Yahy%C3%A2_al-Mu%60tal%C3%AE;http://de.wikipedia.org/wiki/Yahya_al-Mutali;;http://es.wikipedia.org/wiki/Yahya_al-Muhtal;;;;;;;;;x
W_L_73672;http://en.wikipedia.org/wiki/Abd_ar-Rahman_V;http://fr.wikipedia.org/wiki/Abd_al-Rahman_V;http://de.wikipedia.org/wiki/Abd_ar-Rahman_V.;;http://es.wikipedia.org/wiki/Abderram%C3%A1n_V;;;;;;;;;x
W_L_73668;http://en.wikipedia.org/wiki/Muhammad_III_of_C%C3%B3rdoba;http://fr.wikipedia.org/wiki/Muhammad_III_(Omeyyade);http://de.wikipedia.org/wiki/Muhammad_III._(C%C3%B3rdoba);;http://es.wikipedia.org/wiki/Muhammad_III;;;;;;;;;x
W_L_3208;http://en.wikipedia.org/wiki/Hisham_III_of_C%C3%B3rdoba;http://fr.wikipedia.org/wiki/Hicham_III_(Omeyyade);http://de.wikipedia.org/wiki/Hischam_III.;;http://es.wikipedia.org/wiki/Hisham_III;;;;;;;;;x
W_L_1235073;http://en.wikipedia.org/wiki/Wallada_bint_al-Mustakfi;http://fr.wikipedia.org/wiki/Wallada;;;http://es.wikipedia.org/wiki/Wallada;;;;;;;;;x
W_L_1500143;http://en.wikipedia.org/wiki/Hasan_al-Utrush;;;;;;;;;;;;;x
W_L_144091;http://en.wikipedia.org/wiki/Abu%27l-Fida;http://fr.wikipedia.org/wiki/Aboul_F%C3%A9da;http://de.wikipedia.org/wiki/Abu%27l-Fida;;http://es.wikipedia.org/wiki/Abu_al-Fida;;;;;;;;;x
W_L_159399;http://en.wikipedia.org/wiki/Al-Hadi_ila%27l-Haqq_Yahya;http://fr.wikipedia.org/wiki/Al-H%C3%A2di_Yahya_Ibn_al-Hussein;;;;;;;;;;;;x
W_L_159400;http://en.wikipedia.org/wiki/Al-Murtada_Muhammad;;;;;;;;;;;;;x
W_L_159401;http://en.wikipedia.org/wiki/An-Nasir_Ahmad_(Zaidi_imam);;;;;;;;;;;;;x
W_L_159402;http://en.wikipedia.org/wiki/Al-Muntakhab_al-Hasan;;;;;;;;;;;;;x
W_L_159403;http://en.wikipedia.org/wiki/Al-Mukhtar_al-Qasim;;;;;;;;;;;;;x
W_L_159404;http://en.wikipedia.org/wiki/Al-Mansur_Yahya;;;;;;;;;;;;;x
W_L_159405;http://en.wikipedia.org/wiki/Ad-Da%27i_Yusuf;;;;;;;;;;;;;x
W_L_159409;http://en.wikipedia.org/wiki/Al-Mansur_al-Qasim_al-Iyyani;;;;;;;;;;;;;x
W_L_159410;http://en.wikipedia.org/wiki/Al-Mahdi_al-Husayn;;;;;;;;;;;;;x
W_L_1500177;http://en.wikipedia.org/wiki/Al-Mu%27ayyad_Ahmad;;;;;;;;;;;;;x
W_L_1500178;http://en.wikipedia.org/wiki/Abu_Talib_Yahya;;;;;;;;;;;;;x
W_L_159414;http://en.wikipedia.org/wiki/Abu_Hashim_al-Hasan;;;;;;;;;;;;;x
W_L_1500187;http://en.wikipedia.org/wiki/Abu%27l-Fath_an-Nasir_ad-Dailami;;;;;;;;;;;;;x
W_L_159415;http://en.wikipedia.org/wiki/Al-Muhtasib_al-Mujahid_Hamzah;;;;;;;;;;;;;x
W_L_159420;http://en.wikipedia.org/wiki/Al-Mutawakkil_Ahmad_bin_Sulayman;;;;;;;;;;;;;x
W_L_1236073;http://en.wikipedia.org/wiki/Al-Mansur_Abdallah;;;;;;;;;;;;;x
W_L_1236039;http://en.wikipedia.org/wiki/Al-Hadi_Yahya;;;;;;;;;;;;;x
W_L_3206;http://en.wikipedia.org/wiki/Almanzor;http://fr.wikipedia.org/wiki/Almanzor;http://de.wikipedia.org/wiki/Almansor;;http://es.wikipedia.org/wiki/Almanzor;;;;;;;;;x
W_L_73226;http://en.wikipedia.org/wiki/Abd_al-Rahman_Sanchuelo;http://fr.wikipedia.org/wiki/Abd_al-Rahman_Sanchuelo;http://de.wikipedia.org/wiki/Abd_ar-Rahman_Sanchuelo;;http://es.wikipedia.org/wiki/Abderram%C3%A1n_Sanchuelo;;;;;;;;;x
W_L_1235054;http://en.wikipedia.org/wiki/Abd_al-Malik_al-Muzaffar;http://fr.wikipedia.org/wiki/Abd_al-Malik_al-Muzaffar;;;;;;;;;;;;x
W_L_166686;http://en.wikipedia.org/wiki/Li_Shengtian;;;;;;;;;;;;;x
W_L_34993;http://en.wikipedia.org/wiki/Tankiz;;;;;;;;;;;;;x
W_L_1230397;http://en.wikipedia.org/wiki/Shams_al-Din_Juvayni;;;;;;;;;;;;;x
W_L_1230398;http://en.wikipedia.org/wiki/Ata-Malik_Juvayni;http://fr.wikipedia.org/wiki/Ata-Malik_Juvaini;http://de.wikipedia.org/wiki/Ata_al-Mulk_Dschuwaini;;;;;;;;;;;x
W_L_242001;http://en.wikipedia.org/wiki/Sa%27ad_al-Dawla;;;;;;;;;;;;;x
W_L_217309;http://en.wikipedia.org/wiki/Buqa;;;;;;;;;;;;;x
W_L_1240003;http://en.wikipedia.org/wiki/Jayapala;;;;;;;;;;;;;x
W_L_1240004;http://en.wikipedia.org/wiki/Anandapala;;;;;;;;;;;;;x
W_L_1240005;http://en.wikipedia.org/wiki/Trilochanapala;;;;;;;;;;;;;x
W_L_1300108;http://en.wikipedia.org/wiki/Fateh_Daud;;;;;;;;;;;;;x
W_L_188349;http://en.wikipedia.org/wiki/Khafif;;;;;;;;;;;;;x
W_L_188406;http://en.wikipedia.org/wiki/Didda;;;;;;;;;;;;;x
W_L_1228559;http://en.wikipedia.org/wiki/Hummay;;;;;;;;;;;;;x
W_L_1228565;http://en.wikipedia.org/wiki/Dunama_Dabbalemi;http://fr.wikipedia.org/wiki/Dounama_Dibalami;;;http://es.wikipedia.org/wiki/Dunama_Dibbalemi;;;;;;;;;x
W_L_145190;http://en.wikipedia.org/wiki/Constantine_Kontomytes;http://fr.wikipedia.org/wiki/Constantin_Kontomyt%C3%A8s;;;;;;;;;;;;x
W_L_261006;http://en.wikipedia.org/wiki/Muhammad_ibn_Ra%27iq;;;;;;;;;;;;;x
W_L_261007;http://en.wikipedia.org/wiki/Bajkam;;;;;;;;;;;;;x
W_L_261008;http://en.wikipedia.org/wiki/Tuzun_(amir_al-umara);;;;;;;;;;;;;x
W_L_261009;http://en.wikipedia.org/wiki/Ibn_Muqla;http://fr.wikipedia.org/wiki/Ibn_Muqla;;;;;;;;;;;;x
W_L_260819;http://en.wikipedia.org/wiki/Muhammad_ibn_Tughj_al-Ikhshid;http://fr.wikipedia.org/wiki/Muhammad_ben_Tughj;;;;;;;;;;;;x
W_L_260820;http://en.wikipedia.org/wiki/Abu%27l-Qasim_Unujur_ibn_al-Ikhshid;;;;;;;;;;;;x
W_L_260821;http://en.wikipedia.org/wiki/Abu%27l-Hasan_Ali_ibn_al-Ikhshid;;;;;;;;;;;;x
W_L_260827;http://en.wikipedia.org/wiki/Bushra_al-Thamali;;;;;;;;;;;;;x
W_L_260828;http://en.wikipedia.org/wiki/Nasr_al-Thamali;;;;;;;;;;;;;x
W_L_261026;http://en.wikipedia.org/wiki/Makan_ibn_Kaki;;;;;;;;;;;;;x
W_L_261336;http://en.wikipedia.org/wiki/%27Imran_ibn_Shahin;;;;;;;;;;;;;x
W_L_1234890;http://en.wikipedia.org/wiki/Ali_ibn_Isa_al-Jarrah;;;;;;;;;;;;;x
W_L_74040;http://en.wikipedia.org/wiki/Abu_Sa%27id_al-Jannabi;http://fr.wikipedia.org/wiki/Abu-Sa%C3%AFd_Janabi;http://de.wikipedia.org/wiki/Ab%C5%AB_Sa%CA%BF%C4%ABd_al-Dschann%C4%81b%C4%AB;;;;;;;;;;;x
W_L_1236141;http://en.wikipedia.org/wiki/Abu_Tahir_al-Jannabi;http://fr.wikipedia.org/wiki/Ab%C3%BB_T%C3%A2hir_Sulaym%C3%A2n;http://de.wikipedia.org/wiki/Ab%C5%AB_T%C4%81hir_al-Dschann%C4%81b%C4%AB;;;;;;;;;;;x
W_L_1300203;http://en.wikipedia.org/wiki/Abu_al-Misk_Kafur;;;;;;;;;;;;;x
W_L_1300204;http://en.wikipedia.org/wiki/Ja%27far_ibn_al-Furat;;;;;;;;;;;;;x
W_L_1300205;http://en.wikipedia.org/wiki/Abu%27l-Abbas_ibn_al-Furat;;;;;;;;;;;;;x